Num_Filters,Accuracy
2,0.55
4,0.766666666666667
6,0.833333333333333
8,0.8
10,0.816666666666667
12,0.833333333333333
14,0.833333333333333
