Num_Filters,Accuracy
2,0.616666666666667
4,0.733333333333333
6,0.75
8,0.866666666666667
10,0.883333333333333
12,0.816666666666667
14,0.816666666666667
