Num_Filters,Accuracy
2,0.5
4,0.633333333333333
6,0.633333333333333
8,0.666666666666667
10,0.683333333333333
12,0.783333333333333
14,0.816666666666667
