Num_Filters,Accuracy
2,0.516666666666667
4,0.6
6,0.7
8,0.683333333333333
10,0.75
12,0.816666666666667
14,0.833333333333333
