Num_Filters,Accuracy
2,0.55
4,0.583333333333333
6,0.55
8,0.733333333333333
10,0.8
12,0.8
14,0.816666666666667
