Num_Filters,Accuracy
2,0.5
4,0.583333333333333
6,0.683333333333333
8,0.766666666666667
10,0.75
12,0.766666666666667
14,0.8
