Num_Filters,Accuracy
2,0.583333333333333
4,0.7
6,0.75
8,0.75
10,0.8
12,0.816666666666667
14,0.816666666666667
