Num_Filters,Accuracy
2,0.766666666666667
4,0.816666666666667
6,0.833333333333333
8,0.75
10,0.883333333333333
12,0.883333333333333
14,0.916666666666667
