Num_Filters,Accuracy
2,0.75
4,0.766666666666667
6,0.816666666666667
8,0.8
10,0.816666666666667
12,0.816666666666667
14,0.816666666666667
