Num_Filters,Accuracy
2,0.233333333333333
4,0.516666666666667
6,0.533333333333333
8,0.716666666666667
10,0.75
12,0.783333333333333
14,0.816666666666667
