Num_Filters,Accuracy
2,0.45
4,0.5
6,0.55
8,0.783333333333333
10,0.75
12,0.766666666666667
14,0.766666666666667
