Num_Filters,Accuracy
2,0.6
4,0.766666666666667
6,0.783333333333333
8,0.816666666666667
10,0.833333333333333
12,0.866666666666667
14,0.833333333333333
