Num_Filters,Accuracy
2,0.683333333333333
4,0.766666666666667
6,0.833333333333333
8,0.883333333333333
10,0.9
12,0.883333333333333
14,0.883333333333333
