Num_Filters,Accuracy
2,0.483333333333333
4,0.583333333333333
6,0.7
8,0.716666666666667
10,0.75
12,0.783333333333333
14,0.833333333333333
