Num_Filters,Accuracy
2,0.633333333333333
4,0.7
6,0.683333333333333
8,0.7
10,0.716666666666667
12,0.783333333333333
14,0.8
